{"OLW+fag8N1WL6BzFuy52jg==":"background1-h_m319dojc.jpeg","r6haM7z2clQe6LyYshB8Aw==":"g245012761d08342b598328622385-h_m2zvjzh2.jpg","wVUUoIeyl2Xs/KBw3R2YvA==":"g366e28bf8bbdea46f43fbe88d418-h_m2zvl1iy.jpg","okmRDp4f5+QzJFBsBCD6VA==":"ge352b144f022e324d7ee7397915d-h_m319zh1b.jpg","f3sF/r22ngdIiLpRdQBL4Q==":"g92477d0aaed5db7a648e96fe8b4c-h_m2zvtvcp.jpg","IHTLvN1NJTCrBeaGgossbQ==":"g4bbedd3f3b1018055d1dd2c9bb76-h_m2zvpfzm.jpg","aHbRNp1tP0ToEVtcXg63QQ==":"gdac75fa9f54314d7c718886ee37b-h_m2zvo313.jpg","7GmNhrJmk76Sun2/r7nkdA==":"gf7bab930a7e33797fca9c2790702-h_m2zvqnuq.jpg","mwQJPPc6UYt7dU6Mm9RVeQ==":"gd885e7945026a95c0ce4ebaa179c-h_m301lmg3.jpg","Usig3i3JPIMtqMhZ1no2mQ==":"g5889a1748d76e1b6682d6b47feb1-h_m31a4mzb.jpg","WyjpNSq9iz8PQFYvt7mRLQ==":"bloomy%20(18)-1920x1080.png","rX97zDys0+e37CGTe6yuEg==":"bloomy%20(20)-1920x1080.png","nnpEHH+Joyhu6OgMSBL1xQ==":"background1-h_m319dojc-1.jpeg"}